Contenedor;Fecha;Muestra ;B ppal;principal;Lateral 1;Lateral 2;Lateral 3;Lateral 4;Lateral 5;Lateral 6;Lateral 7;Lateral 8;Lateral 9;Lateral 10;Lateral 11;Lateral 12;Lateral 13;Lateral 14;Lateral 15;Lateral 16;Lateral 17;Lateral 18;Promedio;Temperatura;Promedio_2
C1;23-12-2019;10H2;B 1;75;18;19;7;4;8;10;11;17;13;;;;;;;;;;18,2;25.12;46.5
C1;06-01-2020;10H2;B 1;78;18;19;9;5;8;11;17;23;14;;;;;;;;;;20,2;22.60;48
C1;13-01-2020;10H2;B 1;78;18;19;9;5;8;11;17;23;14;;;;;;;;;;20,2;24.98;48
C1;20-01-2020;10H2;B 1;54;13;15;6;11;23;8;9;;;;;;;;;;;;17,4;24.69;33.5
C1;23-12-2019;10H2;B 2;75;14;25;25;7;19;3;17;13;13;21;7;;;;;;;;19,9;25.12;44.5
C1;06-01-2020;10H2;B 2;77;14;26;26;7;19;4;21;17;13;21;8;;;;;;;;21,1;22.60;45.5
C1;13-01-2020;10H2;B 2;77;14;26;26;7;19;4;21;17;13;21;8;;;;;;;;21,1;24.98;45.5
C1;20-04-2020;10H2;B 3;81;14;23;14;13;14;17;18;26;23;;;;;;;;;;24,3;23.37;47.5
C1;27-04-2020;10H2;B 3;81;17;24;17;18;16;18;19;27;24;;;;;;;;;;26,1;22.61;49
C1;04-05-2020;10H2;B 3;81;17;25;17;18;17;18;20;27;26;;;;;;;;;;26,6;23.48;49
C1;23-12-2019;10H2;B 4;52;7;19;14;11;11;12;8;7;;;;;;;;;;;15,7;25.12;29.5
C1;06-01-2020;10H2;B 4;53;7;19;14;13;13;12;8;9;;;;;;;;;;;16,4;22.60;30
C1;13-01-2020;10H2;B 4;53;7;19;14;13;13;12;8;9;;;;;;;;;;;16,4;24.98;30
C1;20-01-2020;10H2;B 4;71;19;33;16;26;24;25;28;18;;;;;;;;;;;28,9;24.69;45
C1;20-04-2020;10H2;B 4;81;17;31;29;10;24;quebrado ;24;21;20;28;poda limpieza;;;;;;;;28,5;23.37;49
C1;27-04-2020;10H2;B 4;81;18;33;30;11;24;quebrado ;24;21;21;28;poda limpieza;;;;;;;;29,1;22.61;49.5
C1;04-05-2020;10H2;B 4;81;19;34;30;13;24;quebrado ;26;23;21;29;poda limpieza;;;;;;;;30;23.48;50
C1;23-12-2019;10H2;B 5 ;67;7;9;8;7;8;21;20;28;20;6;10;;;;;;;;17,6;25.12;37
C1;06-01-2020;10H2;B 5 ;70;7;10;9;8;8;21;21;36;21;6;10;;;;;;;;18,9;22.60;38.5
C1;13-01-2020;10H2;B 5 ;70;7;10;9;8;8;21;21;36;21;6;10;;;;;;;;18,9;24.98;38.5
C1;20-01-2020;10H2;B 5 ;43;9;16;11;7;14;11;9;;;;;;;;;;;;15;24.69;26
C1;23-12-2019;10H2;B 6;65;30;13;12;13;9;17;11;19;6;;;;;;;;;;19,5;25.12;47.5
C1;06-01-2020;10H2;B 6;65;33;13;16;14;10;18;12;19;7;;;;;;;;;;20,7;22.60;49
C1;13-01-2020;10H2;B 6;65;33;13;16;14;10;18;12;19;7;;;;;;;;;;20,7;24.98;49
C1;20-01-2020;10H2;B 6;70;23;12;2;19;23;;;;;;;;;;;;;;24,8;24.69;46.5
C1;20-04-2020;10H2;B 6;57;12;24;17;17;18;14;12;12;;;;;;;;;;;20,3;23.37;34.5
C1;27-04-2020;10H2;B 6;59;14;26;19;18;19;17;13;14;;;;;;;;;;;22,1;22.61;36.5
C1;04-05-2020;10H2;B 6;59;15;26;19;18;19;18;13;14;;;;;;;;;;;22,3;23.48;37
C1;20-04-2020;10H2;B 7;72;12;12;18;12;13;24;22;39;27;10;13;;;;;;;;22,8;23.37;42
C1;27-04-2020;10H2;B 7;74;13;13;19;14;14;27;24;40;28;11;14;;;;;;;;24,3;22.61;43.5
C1;04-05-2020;10H2;B 7;76;14;13;19;14;15;28;26;40;28;11;15;;;;;;;;24,9;23.48;45
C1;20-04-2020;10H2;B 8;68;37;15;19;19;13;21;17;23;17;;;;;;;;;;24,9;23.37;52.5
C1;27-04-2020;10H2;B 8;69;41;17;23;20;13;22;17;24;18;;;;;;;;;;26,4;22.61;55
C1;04-05-2020;10H2;B 8;69;44;18;23;23;13;22;18;24;18;;;;;;;;;;27,2;23.48;56.5
C1;23-12-2019;12H2;B 1;56;15;18;17;8;12;;;;;;;;;;;;;;21;25.18;35.5
C1;06-01-2020;12H2;B 1;58;17;20;22;14;12;;;;;;;;;;;;;;23,8;23.15;37.5
C1;13-01-2020;12H2;B 1;58;17;20;22;14;12;;;;;;;;;;;;;;23,8;25.16;37.5
C1;20-01-2020;12H2;B 2;36;8;14;13;12;11;;;;;;;;;;;;;;15,7;24.80;22
C1;20-04-2020;12H2;B 2;58;24;18;17;12;17;;;;;;;;;;;;;;24,3;23.92;41
C1;20-04-2020;12H2;B 2;58;15;16;14;17;22;12;;;;;;;;;;;;;22;23.92;36.5
C1;27-04-2020;12H2;B 2;59;24;18;19;15;18;;;;;;;;;;;;;;25,5;23.61;41.5
C1;27-04-2020;12H2;B 2;59;16;16;17;19;22;14;;;;;;;;;;;;;23,3;23.61;37.5
C1;04-05-2020;12H2;B 2;59;16;16;17;19;22;16;;;;;;;;;;;;;23,6;24.48;37.5
C1;04-05-2020;12H2;B 2;60;24;19;20;15;19;;;;;;;;;;;;;;26,2;24.48;42
C1;23-12-2019;12H2;B 3;49;18;14;13;6;2;;;;;;;;;;;;;;17;25.18;33.5
C1;06-01-2020;12H2;B 3;53;19;14;13;8;3;;;;;;;;;;;;;;18,3;23.15;36
C1;13-01-2020;12H2;B 3;53;19;14;13;8;3;;;;;;;;;;;;;;18,3;25.16;36
C1;20-01-2020;12H2;B 7;46;13;11;9;;;;;;;;;;;;;;;;19,8;24.80;29.5
C1;23-12-2019;12H2;B 8;55;11;15;12;14;12;6;;;;;;;;;;;;;17,9;25.18;33
C1;06-01-2020;12H2;B 8;56;12;16;13;15;19;8;;;;;;;;;;;;;19,9;23.15;34
C1;13-01-2020;12H2;B 8;56;12;16;13;15;19;8;;;;;;;;;;;;;19,9;25.16;34
C1;20-01-2020;12H2;B 8;58;17;22;22;16;12;;;;;;;;;;;;;;24,5;24.80;37.5
C1;20-04-2020;12H2;B 8;69;19;28;26;19;17;;;;;;;;;;;;;;29,7;23.92;44
C1;27-04-2020;12H2;B 8;69;21;28;27;19;18;;;;;;;;;;;;;;30,3;23.61;45
C1;04-05-2020;12H2;B 8;69;21;28;27;19;18;;;;;;;;;;;;;;30,3;24.48;45
C1;23-12-2019;24H3 ;B 1;66;16;14;12;12;13;;;;;;;;;;;;;;22,2;25.38;41
C1;06-01-2020;24H3 ;B 1;68;23;14;12;13;15;;;;;;;;;;;;;;24,2;23.54;45.5
C1;13-01-2020;24H3 ;B 1;68;23;14;12;13;15;;;;;;;;;;;;;;24,2;25.35;45.5
C1;20-01-2020;24H3 ;B 1;69;23;16;12;13;17;;;;;;;;;;;;;;25;24.89;46
C1;20-04-2020;24H3 ;B 1;75;17;10;poda limpieza ;13;10;;;;;;;;;;;;;;25;24.02;46
C1;27-04-2020;24H3 ;B 1;79;19;12;poda limpieza ;14;13;;;;;;;;;;;;;;27,4;23.60;49
C1;04-05-2020;24H3 ;B 1;80;19;13;poda limpieza ;15;14;;;;;;;;;;;;;;28,2;24.06;49.5
C1;23-12-2019;24H3 ;B 2;68;12;12;9;11;;;;;;;;;;;;;;;22,4;25.38;40
C1;06-01-2020;24H3 ;B 2;74;13;15;9;11;;;;;;;;;;;;;;;24,4;23.54;43.5
C1;13-01-2020;24H3 ;B 2;74;13;15;9;15;;;;;;;;;;;;;;;25,2;25.35;43.5
C1;20-01-2020;24H3 ;B 2;74;14;15;10;16;;;;;;;;;;;;;;;25,8;24.89;44
C1;20-04-2020;24H3 ;B 2;84;21;19;14;18;;;;;;;;;;;;;;;31,2;24.02;52.5
C1;27-04-2020;24H3 ;B 2;89;23;21;17;21;;;;;;;;;;;;;;;34,2;23.60;56
C1;04-05-2020;24H3 ;B 2;90;24;22;18;22;;;;;;;;;;;;;;;35,2;24.06;57
C1;23-12-2019;24H3 ;B 3;39;8;7;5;;;;;;;;;;;;;;;;14,8;25.38;23.5
C1;06-01-2020;24H3 ;B 3;41;9;7;5;;;;;;;;;;;;;;;;15,5;23.54;25
C1;13-01-2020;24H3 ;B 3;41;12;7;5;;;;;;;;;;;;;;;;16,3;25.35;26.5
C1;20-01-2020;24H3 ;B 3;41;12;7;5;;;;;;;;;;;;;;;;16,3;24.89;26.5
C1;20-04-2020;24H3 ;B 3;47;13;14;17;;;;;;;;;;;;;;;;22,8;24.02;30
C1;27-04-2020;24H3 ;B 3;49;14;15;19;;;;;;;;;;;;;;;;24,3;23.60;31.5
C1;04-05-2020;24H3 ;B 3;50;15;16;21;;;;;;;;;;;;;;;;25,5;24.06;32.5
C1;23-12-2019;24H3 ;B 4;77;13;15;17;15;15;12;14;13;21;13;17;9;;;;;;;19,3;25.38;45
C1;06-01-2020;24H3 ;B 4;78;13;15;17;15;19;13;15;14;24;13;18;34;;;;;;;22,2;23.54;45.5
C1;13-01-2020;24H3 ;B 4;78;13;15;17;15;19;13;15;14;24;13;18;9;;;;;;;20,2;25.35;45.5
C1;20-01-2020;24H3 ;B 4;78;13;15;17;15;21;13;16;15;23;13;18;10;;;;;;;20,5;24.89;45.5
C1;20-04-2020;24H3 ;B 4;80;19;19;23;16;22;18;17;19;24;13;18;12;;;;;;;23,1;24.02;49.5
C1;27-04-2020;24H3 ;B 4;81;20;20;24;17;24;18;17;21;26;14;19;14;;;;;;;24,2;23.60;50.5
C1;04-05-2020;24H3 ;B 4;81;22;21;24;18;26;18;18;23;27;17;20;15;;;;;;;25,4;24.06;51.5
C1;23-12-2019;26H3 ;B 1;81;6;5;15;14;10;12;14;18;12;9;14;17;4;;;;;;16,5;25.74;43.5
C1;06-01-2020;26H3 ;B 1;82;6;5;15;16;10;12;16;20;12;9;14;22;5;;;;;;17,4;23.73;44
C1;13-01-2020;26H3 ;B 1;82;6;5;15;16;10;12;16;20;12;9;14;22;5;;;;;;17,4;25.66;44
C1;20-01-2020;26H3 ;B 1;82;6;5;15;16;10;12;16;20;12;9;14;22;5;;;;;;17,4;25.06;44
C1;20-04-2020;26H3 ;B 1;90;12;7;16;17;14;14;21;26;16;13;14;23;8;;;;;;20,8;24.91;51
C1;27-04-2020;26H3 ;B 1;90;13;8;17;18;15;18;22;27;18;15;17;26;10;;;;;;22,4;24.78;51.5
C1;04-05-2020;26H3 ;B 1;90;14;10;18;19;16;19;24;28;19;16;18;28;11;;;;;;23,6;25.14;52
C1;23-12-2019;26H3 ;B 3;57;30;27;31;20;20;17;12;5;7;;;;;;;;;;22,6;25.74;43.5
C1;06-01-2020;26H3 ;B 3;63;32;29;31;20;20;17;16;6;12;;;;;;;;;;24,6;23.73;47.5
C1;13-01-2020;26H3 ;B 3;63;32;29;31;20;20;17;16;6;12;;;;;;;;;;24,6;25.66;47.5
C1;20-01-2020;26H3 ;B 3;63;32;29;31;21;20;19;19;6;13;;;;;;;;;;25,3;25.06;47.5
C1;20-04-2020;26H3 ;B 3;68;35;31;36;25;26;22;21;12;16;;;;;;;;;;29,2;24.91;51.5
C1;27-04-2020;26H3 ;B 3;68;37;32;37;26;27;24;23;25;19;;;;;;;;;;31,8;24.78;52.5
C1;04-05-2020;26H3 ;B 3;69;38;33;38;27;29;27;25;26;21;;;;;;;;;;33,3;25.14;53.5
C1;23-12-2019;26H3 ;B 4;47;7;3;4;4;;;;;;;;;;;;;;;13;25.74;27
C1;06-01-2020;26H3 ;B 4;47;9;3;5;5;;;;;;;;;;;;;;;13,8;23.73;28
C1;13-01-2020;26H3 ;B 4;47;9;3;5;5;;;;;;;;;;;;;;;13,8;25.66;28
C1;20-01-2020;26H3 ;B 4;47;9;4;6;6;;;;;;;;;;;;;;;14,4;25.06;28
C1;20-04-2020;26H3 ;B 4;53;15;12;12;10;;;;;;;;;;;;;;;20,4;24.91;34
C1;27-04-2020;26H3 ;B 4;54;17;13;15;14;;;;;;;;;;;;;;;22,6;24.78;35.5
C1;04-05-2020;26H3 ;B 4;56;18;15;16;16;;;;;;;;;;;;;;;24,2;25.14;37
C1;23-12-2019;26H3 ;B 5 ;42;5;4;4;9;4;5;;;;;;;;;;;;;10,4;25.74;23.5
C1;06-01-2020;26H3 ;B 5 ;47;5;5;4;10;5;5;;;;;;;;;;;;;11,6;23.73;26
C1;13-01-2020;26H3 ;B 5 ;47;5;5;4;10;5;5;;;;;;;;;;;;;11,6;25.66;26
C1;20-01-2020;26H3 ;B 5 ;47;7;5;6;10;6;5;;;;;;;;;;;;;12,3;25.06;27
C1;20-04-2020;26H3 ;B 5 ;49;8;12;12;14;9;12;;;;;;;;;;;;;16,6;24.91;28.5
C1;27-04-2020;26H3 ;B 5 ;51;10;13;12;14;10;13;;;;;;;;;;;;;17,6;24.78;30.5
C1;04-05-2020;26H3 ;B 5 ;51;11;13;13;14;10;14;;;;;;;;;;;;;18;25.14;31
C1;23-12-2019;2H2;B 2;45;2;11;7;2;;;;;;;;;;;;;;;13,4;25.29;23.5
C1;13-01-2020;2H2;B 2;46;3;11;7;2;;;;;;;;;;;;;;;13,8;25.06;24.5
C1;20-04-2020;2H2;B 2;50;9;17;12;7;;;;;;;;;;;;;;;19;23.47;29.5
C1;27-04-2020;2H2;B 2;52;11;17;13;8;;;;;;;;;;;;;;;20,2;23.06;31.5
C1;04-05-2020;2H2;B 2;53;12;18;14;9;;;;;;;;;;;;;;;21,2;24.55;32.5
C1;23-12-2019;2H2;B 3;50;7;7;12;14;16;8;5;17;27;21;13;;;;;;;;16,4;25.29;28.5
C1;13-01-2020;2H2;B 3;56;9;9;12;14;17;8;6;18;28;22;14;;;;;;;;17,8;25.06;32.5
C1;20-04-2020;2H2;B 3;63;13;14;17;19;19;13;12;22;36;26;18;;;;;;;;22,7;23.47;38
C1;27-04-2020;2H2;B 3;64;13;15;18;19;21;15;16;23;36;26;20;;;;;;;;23,8;23.06;38.5
C1;04-05-2020;2H2;B 3;65;14;16;19;19;21;15;17;23;38;28;21;;;;;;;;24,7;24.55;39.5
C1;23-12-2019;2H2;B 4;44;18;10;;;;;;;;;;;;;;;;;24;25.29;31
C1;13-01-2020;2H2;B 4;45;19;10;;;;;;;;;;;;;;;;;24,7;25.06;32
C1;20-04-2020;2H2;B 4;47;23;14;;;;;;;;;;;;;;;;;28;23.47;35
C1;27-04-2020;2H2;B 4;49;24;15;;;;;;;;;;;;;;;;;29,3;23.06;36.5
C1;04-05-2020;2H2;B 4;49;26;17;;;;;;;;;;;;;;;;;30,7;24.55;37.5
C1;23-12-2019;2H2;B 5 ;57;8;6;5;6;12;16;5;7;;;;;;;;;;;13,6;25.29;32.5
C1;13-01-2020;2H2;B 5 ;57;8;7;5;6;12;16;6;8;;;;;;;;;;;13,9;25.06;32.5
C1;23-12-2019;2H2;B 6;56;5;9;10;5;2;;;;;;;;;;;;;;14,5;25.29;30.5
C1;13-01-2020;2H2;B 6;56;6;9;10;6;3;;;;;;;;;;;;;;15;25.06;31
C1;20-04-2020;2H2;B 7;51;15;23;14;18;;;;;;;;;;;;;;;24,2;23.47;33
C1;27-04-2020;2H2;B 7;52;16;24;14;19;;;;;;;;;;;;;;;25;23.06;34
C1;04-05-2020;2H2;B 7;55;17;25;17;21;;;;;;;;;;;;;;;27;24.55;36
C1;06-01-2020;2H2 ;B 2;46;3;11;7;2;;;;;;;;;;;;;;;13,8;22.89;24.5
C1;20-01-2020;2H2 ;B 2;47;3;11;7;2;;;;;;;;;;;;;;;14;24.96;25
C1;06-01-2020;2H2 ;B 3;56;9;9;12;14;17;8;6;18;28;22;14;;;;;;;;17,8;22.89;32.5
C1;20-01-2020;2H2 ;B 3;56;9;10;12;15;17;9;7;18;29;22;15;;;;;;;;18,3;24.96;32.5
C1;06-01-2020;2H2 ;B 4;45;19;10;;;;;;;;;;;;;;;;;24,7;22.89;32
C1;20-01-2020;2H2 ;B 4;46;19;10;;;;;;;;;;;;;;;;;25;24.96;32.5
C1;06-01-2020;2H2 ;B 5 ;57;8;7;5;6;12;16;6;8;;;;;;;;;;;13,9;22.89;32.5
C1;20-01-2020;2H2 ;B 5 ;57;8;7;5;6;13;17;7;9;;;;;;;;;;;14,3;24.96;32.5
C1;06-01-2020;2H2 ;B 6;56;6;9;10;6;3;;;;;;;;;;;;;;15;22.89;31
C1;20-01-2020;2H2 ;B 6;56;6;10;11;7;3;;;;;;;;;;;;;;15,5;24.96;31
C1;23-12-2019;32H3;B 1;61;13;18;18;16;10;15;16;13;12;4;;;;;;;;;17,8;23.99;37
C1;06-01-2020;32H3;B 1;61;14;18;19;18;11;15;17;20;13;6;;;;;;;;;19,3;23.05;37.5
C1;13-01-2020;32H3;B 1;61;14;18;19;18;11;15;17;20;13;6;;;;;;;;;19,3;24.16;37.5
C1;20-01-2020;32H3;B 1;61;14;18;21;18;13;15;17;20;13;7;;;;;;;;;19,7;23.84;37.5
C1;20-04-2020;32H3;B 1;65;18;19;23;25;14;17;18;23;17;15;;;;;;;;;23,1;24.56;41.5
C1;27-04-2020;32H3;B 1;65;19;21;24;27;17;18;19;24;18;17;;;;;;;;;24,5;24.51;42
C1;04-05-2020;32H3;B 1;66;19;21;24;28;17;18;19;25;18;18;;;;;;;;;24,8;24.99;42.5
C1;23-12-2019;32H3;B 3;44;4;10;4;3;3;4;;;;;;;;;;;;;10,3;23.99;24
C1;06-01-2020;32H3;B 3;48;5;10;4;3;3;4;;;;;;;;;;;;;11;23.05;26.5
C1;13-01-2020;32H3;B 3;48;5;10;4;3;3;4;;;;;;;;;;;;;11;24.16;26.5
C1;20-01-2020;32H3;B 3;48;6;10;6;3;3;5;;;;;;;;;;;;;11,6;23.84;27
C1;20-04-2020;32H3;B 3;53;10;14;12;8;7;12;;;;;;;;;;;;;16,6;24.56;31.5
C1;27-04-2020;32H3;B 3;53;10;15;12;8;7;12;;;;;;;;;;;;;16,7;24.51;31.5
C1;04-05-2020;32H3;B 3;53;11;16;13;9;8;13;;;;;;;;;;;;;17,6;24.99;32
C1;23-12-2019;32H3;B 4;42;14;3;;;;;;;;;;;;;;;;;19,7;23.99;28
C1;06-01-2020;32H3;B 4;43;14;3;4;;;;;;;;;;;;;;;;16;23.05;28.5
C1;13-01-2020;32H3;B 4;43;14;3;4;;;;;;;;;;;;;;;;16;24.16;28.5
C1;20-01-2020;32H3;B 4;43;15;3;4;;;;;;;;;;;;;;;;16,3;23.84;29
C1;20-04-2020;32H3;B 4;50;18;6;9;;;;;;;;;;;;;;;;20,8;24.56;34
C1;27-04-2020;32H3;B 4;50;18;7;10;;;;;;;;;;;;;;;;21,3;24.51;34
C1;04-05-2020;32H3;B 4;51;19;9;11;;;;;;;;;;;;;;;;22,5;24.99;35
C1;23-12-2019;32H3;B 5 ;14;40;13;37;;;;;;;;;;;;;;;;26;23.99;27
C1;06-01-2020;32H3;B 5 ;15;40;12;37;;;;;;;;;;;;;;;;26;23.05;27.5
C1;13-01-2020;32H3;B 5 ;15;40;12;37;;;;;;;;;;;;;;;;26;24.16;27.5
C1;20-01-2020;32H3;B 5 ;15;40;12;37;;;;;;;;;;;;;;;;26;23.84;27.5
C1;20-04-2020;32H3;B 5 ;19;45;17;47;;;;;;;;;;;;;;;;32;24.56;32
C1;27-04-2020;32H3;B 5 ;21;46;17;47;;;;;;;;;;;;;;;;32,8;24.51;33.5
C1;04-05-2020;32H3;B 5 ;22;47;18;48;;;;;;;;;;;;;;;;33,8;24.99;34.5
C1;23-12-2019;32H3;B 6;50;20;10;5;;;;;;;;;;;;;;;;21,3;23.99;35
C1;06-01-2020;32H3;B 6;50;21;10;5;;;;;;;;;;;;;;;;21,5;23.05;35.5
C1;13-01-2020;32H3;B 6;50;21;10;5;;;;;;;;;;;;;;;;21,5;24.16;35.5
C1;20-01-2020;32H3;B 6;50;21;10;5;;;;;;;;;;;;;;;;21,5;23.84;35.5
C1;20-04-2020;32H3;B 6;53;23;14;8;;;;;;;;;;;;;;;;24,5;24.56;38
C1;27-04-2020;32H3;B 6;54;23;15;10;;;;;;;;;;;;;;;;25,5;24.51;38.5
C1;04-05-2020;32H3;B 6;56;25;17;11;;;;;;;;;;;;;;;;27,3;24.99;40.5
C1;23-12-2019;32H3;B 7;64;11;10;22;23;12;17;9;;;;;;;;;;;;21;23.99;37.5
C1;06-01-2020;32H3;B 7;71;11;10;26;24;16;17;9;;;;;;;;;;;;23;23.05;41
C1;13-01-2020;32H3;B 7;71;11;10;26;24;16;17;9;;;;;;;;;;;;23;24.16;41
C1;20-01-2020;32H3;B 7;71;11;10;26;24;16;17;9;;;;;;;;;;;;23;23.84;41
C1;20-04-2020;32H3;B 7;78;13;17;28;29;19;17;13;;;;;;;;;;;;26,8;24.56;45.5
C1;27-04-2020;32H3;B 7;78;13;18;28;24;19;18;15;;;;;;;;;;;;26,6;24.51;45.5
C1;04-05-2020;32H3;B 7;78;14;19;28;27;19;20;17;;;;;;;;;;;;27,8;24.99;46
C1;23-12-2019;34H3;B 1;53;13;12;6;10;21;8;2;;;;;;;;;;;;15,6;25.06;33
C1;06-01-2020;34H3;B 1;54;13;15;6;11;23;8;9;;;;;;;;;;;;17,4;23.20;33.5
C1;13-01-2020;34H3;B 1;54;13;15;6;11;23;8;9;;;;;;;;;;;;17,4;25.36;33.5
C1;20-01-2020;34H3;B 1;48;20;12;;;;;;;;;;;;;;;;;26,7;24.65;34
C1;20-04-2020;34H3;B 1;59;17;17;12;12;25;13;10;;;;;;;;;;;;20,6;24.21;38
C1;27-04-2020;34H3;B 1;59;18;17;12;14;25;13;11;;;;;;;;;;;;21,1;23.91;38.5
C1;04-05-2020;34H3;B 1;60;19;19;16;15;27;14;12;;;;;;;;;;;;22,8;24.45;39.5
C1;23-12-2019;34H3;B 2;37;11;11;;;;;;;;;;;;;;;;;19,7;25.06;24
C1;06-01-2020;34H3;B 2;40;11;11;;;;;;;;;;;;;;;;;20,7;23.20;25.5
C1;13-01-2020;34H3;B 2;40;11;11;;;;;;;;;;;;;;;;;20,7;25.36;25.5
C1;20-01-2020;34H3;B 2;53;19;14;13;8;5;;;;;;;;;;;;;;18,7;24.65;36
C1;20-04-2020;34H3;B 2;43;12;11;;;;;;;;;;;;;;;;;22;24.21;27.5
C1;27-04-2020;34H3;B 2;43;12;11;;;;;;;;;;;;;;;;;22;23.91;27.5
C1;04-05-2020;34H3;B 2;43;12;11;;;;;;;;;;;;;;;;;22;24.45;27.5
C1;23-12-2019;34H3;B 3;54;14;7;16;;;;;;;;;;;;;;;;22,8;25.06;34
C1;06-01-2020;34H3;B 3;46;Quebrado ;13;23;;;;;;;;;;;;;;;;27,3;23.20;46
C1;13-01-2020;34H3;B 3;56;Quebrado ;13;23;;;;;;;;;;;;;;;;30,7;25.36;56
C1;20-01-2020;34H3;B 3;15;;;;;;;;;;;;;;;;;;;15;24.65;15
C1;23-12-2019;34H3;B 4;71;19;27;16;22;21;23;26;11;;;;;;;;;;;26,2;25.06;45
C1;06-01-2020;34H3;B 4;71;19;33;16;26;24;25;28;18;;;;;;;;;;;28,9;23.20;45
C1;13-01-2020;34H3;B 4;71;19;33;16;26;24;25;28;18;;;;;;;;;;;28,9;25.36;45
C1;20-01-2020;34H3;B 4;58;;;;;;;;;;;;;;;;;;;58;24.65;58
C1;20-04-2020;34H3;B 4;73;24;35;18;28;26;27;36;28;;;;;;;;;;;32,8;24.21;48.5
C1;27-04-2020;34H3;B 4;73;24;35;19;28;27;27;37;28;;;;;;;;;;;33,1;23.91;48.5
C1;04-05-2020;34H3;B 4;73;25;35;19;28;28;27;37;29;;;;;;;;;;;33,4;24.45;49
C1;23-12-2019;34H3;B 5 ;42;8;14;9;7;13;11;9;;;;;;;;;;;;14,1;25.06;25
C1;06-01-2020;34H3;B 5 ;43;9;16;11;7;14;11;9;;;;;;;;;;;;15;23.20;26
C1;13-01-2020;34H3;B 5 ;43;9;16;11;7;14;11;9;;;;;;;;;;;;15;25.36;26
C1;20-01-2020;34H3;B 5 ;58;;;;;;;;;;;;;;;;;;;58;24.65;58
C1;20-04-2020;34H3;B 5 ;44;10;17;12;8;17;12;12;;;;;;;;;;;;16,5;24.21;27
C1;27-04-2020;34H3;B 5 ;44;10;17;12;8;17;12;12;;;;;;;;;;;;16,5;23.91;27
C1;04-05-2020;34H3;B 5 ;45;11;18;14;10;17;12;13;;;;;;;;;;;;17,5;24.45;28
C1;23-12-2019;36H3;B 1;69;23;8;2;14;23;;;;;;;;;;;;;;23,2;25.78;46
C1;06-01-2020;36H3;B 1;70;23;12;2;19;23;;;;;;;;;;;;;;24,8;23.79;46.5
C1;13-01-2020;36H3;B 1;70;23;12;2;19;23;;;;;;;;;;;;;;24,8;25.78;46.5
C1;20-01-2020;36H3;B 2;56;12;16;13;15;19;8;;;;;;;;;;;;;19,9;25.32;34
C1;20-04-2020;36H3;B 2;38;12;15;poda limpieza ;12;13;;;;;;;;;;;;;;18;24.95;25
C1;27-04-2020;36H3;B 2;38;13;15;poda limpieza ;12;13;;;;;;;;;;;;;;18,2;24.78;25.5
C1;04-05-2020;36H3;B 2;38;14;16;poda limpieza ;13;13;;;;;;;;;;;;;;18,8;25.29;26
C1;23-12-2019;36H3;B 3;34;8;12;12;12;11;;;;;;;;;;;;;;14,8;25.78;21
C1;06-01-2020;36H3;B 3;36;8;14;13;12;11;;;;;;;;;;;;;;15,7;23.79;22
C1;13-01-2020;36H3;B 3;36;8;14;13;12;11;;;;;;;;;;;;;;15,7;25.78;22
C1;20-01-2020;36H3;B 3;78;18;19;9;5;8;11;17;23;14;;;;;;;;;;20,2;25.32;48
C1;20-01-2020;36H3;B 4;77;14;26;26;7;19;4;21;17;13;21;8;;;;;;;;21,1;25.32;45.5
C1;20-01-2020;36H3;B 6;53;7;19;14;13;13;12;8;9;;;;;;;;;;;16,4;25.32;30
C1;20-04-2020;36H3;B 6;73;25;16;6;27;27;;;;;;;;;;;;;;29;24.95;49
C1;27-04-2020;36H3;B 6;74;27;17;8;27;28;;;;;;;;;;;;;;30,2;24.78;50.5
C1;04-05-2020;36H3;B 6;74;27;18;9;27;28;;;;;;;;;;;;;;30,5;25.29;50.5
C1;20-01-2020;36H3;B 7;70;7;10;9;8;8;21;21;36;21;6;10;;;;;;;;18,9;25.32;38.5
C1;20-04-2020;36H3;B 7;47;19;14;poda limpieza ;;;;;;;;;;;;;;;;26,7;24.95;33
C1;27-04-2020;36H3;B 7;48;21;16;poda limpieza ;;;;;;;;;;;;;;;;28,3;24.78;34.5
C1;04-05-2020;36H3;B 7;48;22;16;poda limpieza ;;;;;;;;;;;;;;;;28,7;25.29;35
C1;23-12-2019;36H3;B 8;43;13;11;9;;;;;;;;;;;;;;;;19;25.78;28
C1;06-01-2020;36H3;B 8;43;13;11;9;;;;;;;;;;;;;;;;19;23.79;28
C1;13-01-2020;36H3;B 8;43;13;11;9;;;;;;;;;;;;;;;;19;25.78;28
C1;20-01-2020;36H3;B 8;65;33;13;16;14;10;18;12;19;7;;;;;;;;;;20,7;25.32;49
C1;23-12-2019;6H2;B 1;57;23;16;;;;;;;;;;;;;;;;;32;25.75;40
C1;06-01-2020;6H2;B 1;57;24;16;;;;;;;;;;;;;;;;;32,3;24.51;40.5
C1;13-01-2020;6H2;B 1;57;24;16;;;;;;;;;;;;;;;;;32,3;26.22;40.5
C1;20-04-2020;6H2;B 10;71;36;17;18;36;quebrado ;12;;;;;;;;;;;;;31,7;24.99;53.5
C1;27-04-2020;6H2;B 10;72;36;18;18;36;quebrado ;14;;;;;;;;;;;;;32,3;25.06;54
C1;04-05-2020;6H2;B 10;73;37;19;18;36;quebrado ;15;;;;;;;;;;;;;33;25.37;55
C1;23-12-2019;6H2;B 2;66;29;11;9;29;4;4;;;;;;;;;;;;;21,7;25.75;47.5
C1;06-01-2020;6H2;B 2;67;30;11;11;31;5;5;;;;;;;;;;;;;22,9;24.51;48.5
C1;13-01-2020;6H2;B 2;67;30;11;11;31;5;5;;;;;;;;;;;;;22,9;26.22;48.5
C1;20-01-2020;6H2;B 2;44;28;17;;;;;;;;;;;;;;;;;29,7;25.08;36
C1;20-04-2020;6H2;B 2;47;28;22;;;;;;;;;;;;;;;;;32,3;24.99;37.5
C1;27-04-2020;6H2;B 2;47;29;22;;;;;;;;;;;;;;;;;32,7;25.06;38
C1;04-05-2020;6H2;B 2;47;29;23;;;;;;;;;;;;;;;;;33;25.37;38
C1;20-01-2020;6H2;B 5 ;73;5;8;21;9;15;18;24;;;;;;;;;;;;21,6;25.08;39
C1;20-04-2020;6H2;B 5 ;74;10;12;26;13;18;18;29;;;;;;;;;;;;25;24.99;42
C1;27-04-2020;6H2;B 5 ;75;13;13;27;13;18;20;30;;;;;;;;;;;;26,1;25.06;44
C1;04-05-2020;6H2;B 5 ;76;14;14;27;14;19;21;30;;;;;;;;;;;;26,9;25.37;45
C1;23-12-2019;6H2;B 7;70;5;7;20;9;13;17;20;;;;;;;;;;;;20,1;25.75;37.5
C1;06-01-2020;6H2;B 7;73;5;8;21;9;15;18;24;;;;;;;;;;;;21,6;24.51;39
C1;13-01-2020;6H2;B 7;73;5;8;21;9;15;18;24;;;;;;;;;;;;21,6;26.22;39
C1;20-01-2020;6H2;B 7;46;3;11;7;2;;;;;;;;;;;;;;;13,8;25.08;24.5
C1;20-04-2020;6H2;B 9;58;29;21;;;;;;;;;;;;;;;;;36;24.99;43.5
C1;27-04-2020;6H2;B 9;59;29;22;;;;;;;;;;;;;;;;;36,7;25.06;44
C1;04-05-2020;6H2;B 9;60;30;23;;;;;;;;;;;;;;;;;37,7;25.37;45
C1;23-12-2019;8H2 ;B 1;49;21;21;17;12;13;15;6;10;;;;;;;;;;;18,2;25.27;35
C1;06-01-2020;8H2 ;B 1;50;22;21;17;13;15;15;8;10;;;;;;;;;;;19;23.67;36
C1;13-01-2020;8H2 ;B 1;50;22;21;17;13;15;15;8;10;;;;;;;;;;;19;25.36;36
C1;20-01-2020;8H2 ;B 1;50;22;21;17;13;15;15;8;10;;;;;;;;;;;19;24.58;36
C1;20-04-2020;8H2 ;B 1;53;27;27;19;17;19;18;12;14;;;;;;;;;;;22,9;24.90;40
C1;27-04-2020;8H2 ;B 1;56;28;27;21;17;20;18;14;16;;;;;;;;;;;24,1;25.01;42
C1;04-05-2020;8H2 ;B 1;58;29;26;21;17;22;18;15;17;;;;;;;;;;;24,8;25.33;43.5
C1;06-01-2020;8H2 ;B 10;54;6;6;11;13;8;;;;;;;;;;;;;;16,3;23.67;30
C1;20-01-2020;8H2 ;B 10;67;30;11;11;31;5;5;;;;;;;;;;;;;22,9;24.58;48.5
C1;23-12-2019;8H2 ;B 2;60;13;9;9;13;;;;;;;;;;;;;;;20,8;25.27;36.5
C1;06-01-2020;8H2 ;B 2;62;15;10;11;14;;;;;;;;;;;;;;;22,4;23.67;38.5
C1;13-01-2020;8H2 ;B 2;62;15;10;11;14;;;;;;;;;;;;;;;22,4;25.36;38.5
C1;20-01-2020;8H2 ;B 2;62;15;10;11;14;;;;;;;;;;;;;;;22,4;24.58;38.5
C1;20-04-2020;8H2 ;B 2;63;17;12;12;Limpieza poda;;;;;;;;;;;;;;;26;24.90;40
C1;27-04-2020;8H2 ;B 2;64;17;12;13;Limpieza poda;;;;;;;;;;;;;;;26,5;25.01;40.5
C1;04-05-2020;8H2 ;B 2;64;18;14;14;Limpieza poda;;;;;;;;;;;;;;;27,5;25.33;41
C1;23-12-2019;8H2 ;B 3;57;22;28;17;17;12;12;9;10;;;;;;;;;;;20,4;25.27;39.5
C1;06-01-2020;8H2 ;B 3;59;23;28;18;17;12;13;9;10;;;;;;;;;;;21;23.67;41
C1;13-01-2020;8H2 ;B 3;59;23;28;18;17;12;13;9;10;;;;;;;;;;;21;25.36;41
C1;20-01-2020;8H2 ;B 3;59;23;28;18;17;12;13;9;10;;;;;;;;;;;21;24.58;41
C1;20-04-2020;8H2 ;B 3;61;25;28;20;18;13;18;17;19;;;;;;;;;;;24,3;24.90;43
C1;27-04-2020;8H2 ;B 3;62;26;28;20;19;13;18;18;20;;;;;;;;;;;24,9;25.01;44
C1;04-05-2020;8H2 ;B 3;64;27;28;20;19;14;18;18;20;;;;;;;;;;;25,3;25.33;45.5
C1;23-12-2019;8H2 ;B 4;77;10;9;7;16;6;29;10;;;;;;;;;;;;20,5;25.27;43.5
C1;06-01-2020;8H2 ;B 4;77;10;9;7;18;6;31;12;;;;;;;;;;;;21,3;23.67;43.5
C1;13-01-2020;8H2 ;B 4;77;10;9;7;18;6;31;12;;;;;;;;;;;;21,3;25.36;43.5
C1;20-01-2020;8H2 ;B 4;77;10;9;7;18;6;31;12;;;;;;;;;;;;21,3;24.58;43.5
C1;20-04-2020;8H2 ;B 4;80;16;13;12;24;17;37;15;;;;;;;;;;;;26,8;24.90;48
C1;27-04-2020;8H2 ;B 4;82;17;14;13;25;19;37;17;;;;;;;;;;;;28;25.01;49.5
C1;04-05-2020;8H2 ;B 4;82;19;15;14;25;19;37;17;;;;;;;;;;;;28,5;25.33;50.5
C1;23-12-2019;8H2 ;B 5 ;55;5;5;16;7;3;6;22;;;;;;;;;;;;14,9;25.27;30
C1;06-01-2020;8H2 ;B 5 ;55;7;6;16;8;5;7;22;;;;;;;;;;;;15,8;23.67;31
C1;13-01-2020;8H2 ;B 5 ;55;7;6;16;8;5;7;22;;;;;;;;;;;;15,8;25.36;31
C1;20-01-2020;8H2 ;B 5 ;55;7;6;16;8;5;7;22;;;;;;;;;;;;15,8;24.58;31
C1;20-04-2020;8H2 ;B 5 ;59;13;10;18;14;8;15;27;;;;;;;;;;;;20,5;24.90;36
C1;27-04-2020;8H2 ;B 5 ;60;13;10;18;14;8;15;27;;;;;;;;;;;;20,6;25.01;36.5
C1;04-05-2020;8H2 ;B 5 ;64;14;11;19;17;10;16;28;;;;;;;;;;;;22,4;25.33;39
C1;23-12-2019;8H2 ;B 7;49;20;22;20;11;;;;;;;;;;;;;;;24,4;25.27;34.5
C1;06-01-2020;8H2 ;B 7;49;21;22;21;12;;;;;;;;;;;;;;;25;23.67;35
C1;13-01-2020;8H2 ;B 7;49;21;22;21;12;;;;;;;;;;;;;;;25;25.36;35
C1;20-01-2020;8H2 ;B 7;49;21;22;21;12;;;;;;;;;;;;;;;25;24.58;35
C1;20-04-2020;8H2 ;B 7;58;27;29;27;22;;;;;;;;;;;;;;;32,6;24.90;42.5
C1;27-04-2020;8H2 ;B 7;59;29;31;29;23;;;;;;;;;;;;;;;34,2;25.01;44
C1;04-05-2020;8H2 ;B 7;60;30;33;31;24;;;;;;;;;;;;;;;35,6;25.33;45
C2;23-12-2019;10H2;B 1;59;19;24;17;13;19;21;13;6;17;13;5;;;;;;;;18,8;24.98;39
C2;06-01-2020;10H2;B 1;60;20;25;17;13;20;21;13;7;17;13;7;;;;;;;;19,4;22.22;40
C2;13-01-2020;10H2;B 1;59;Quebrado ;24;17;14;20;20;21;13;17;13;5;;;;;;;;20,3;24.84;59
C2;20-01-2020;10H2;B 1;59;Quebrado ;25;17;14;21;20;21;13;18;13;6;;;;;;;;20,6;24.49;59
C2;20-04-2020;10H2;B 1;67;Quebrado ;29;19;23;27;29;31;20;21;17;quebrado ;;;;;;;;28,3;23.82;67
C2;27-04-2020;10H2;B 1;67;Quebrado ;29;21;24;27;29;31;22;23;19;quebrado ;;;;;;;;29,2;22.80;67
C2;04-05-2020;10H2;B 1;68;Quebrado ;29;22;25;28;30;31;24;24;20;quebrado ;;;;;;;;30,1;23.16;68
C2;23-12-2019;10H2;B 2;67;15;21;9;21;17;27;23;15;10;20;;;;;;;;;22,3;24.98;41
C2;06-01-2020;10H2;B 2;68;17;21;10;21;17;27;23;17;10;22;;;;;;;;;23;22.22;42.5
C2;13-01-2020;10H2;B 2;67;17;21;16;22;18;28;23;15;12;20;;;;;;;;;23,5;24.84;42
C2;20-01-2020;10H2;B 2;67;17;21;16;22;18;28;23;15;12;20;;;;;;;;;23,5;24.49;42
C2;20-04-2020;10H2;B 2;72;19;28;17;27;19;32;23;19;29;26;;;;;;;;;28,3;23.82;45.5
C2;27-04-2020;10H2;B 2;72;23;28;20;27;20;32;25;19;31;28;;;;;;;;;29,5;22.80;47.5
C2;04-05-2020;10H2;B 2;72;24;28;21;30;21;32;25;20;31;29;;;;;;;;;30,3;23.16;48
C2;20-01-2020;12h2;B 1;52;10;8;12;11;12;6;;;;;;;;;;;;;15,9;22.62;31
C2;20-04-2020;12h2;B 1;63;14;12;16;18;19;13;;;;;;;;;;;;;22,1;24.87;38.5
C2;27-04-2020;12h2;B 1;67;18;13;17;18;19;14;;;;;;;;;;;;;23,7;24.02;42.5
C2;04-05-2020;12h2;B 1;67;19;14;18;18;19;16;;;;;;;;;;;;;24,4;24.20;43
C2;20-01-2020;12h2;B 2;44;18;;;;;;;;;;;;;;;;;;31;22.62;31
C2;20-04-2020;12h2;B 2;52;19;;;;;;;;;;;;;;;;;;35,5;24.87;35.5
C2;27-04-2020;12h2;B 2;55;23;;;;;;;;;;;;;;;;;;39;24.02;39
C2;04-05-2020;12h2;B 2;55;25;;;;;;;;;;;;;;;;;;40;24.20;40
C2;20-01-2020;12h2;B 4;54;12;18;18;14;10;8;;;;;;;;;;;;;19,1;22.62;33
C2;20-04-2020;12h2;B 4;63;17;22;25;18;19;15;;;;;;;;;;;;;25,6;24.87;40
C2;27-04-2020;12h2;B 4;64;18;22;27;18;20;17;;;;;;;;;;;;;26,6;24.02;41
C2;04-05-2020;12h2;B 4;64;18;22;27;18;21;18;;;;;;;;;;;;;26,9;24.20;41
C2;20-01-2020;12h2;B 6;52;17;18;9;8;13;7;14;9;;;;;;;;;;;16,3;22.62;34.5
C2;20-04-2020;12h2;B 6;62;18;23;12;16;16;10;quebrado limpieza;quebrado limpieza ;;;;;;;;;;;22,4;24.87;40
C2;27-04-2020;12h2;B 6;63;19;23;15;17;16;12;quebrado limpieza;quebrado limpieza ;;;;;;;;;;;23,6;24.02;41
C2;04-05-2020;12h2;B 6;63;20;24;15;18;16;12;quebrado limpieza;quebrado limpieza ;;;;;;;;;;;24;24.20;41.5
C2;23-12-2019;14H2;B 1;45;27;29;20;18;22;14;9;;;;;;;;;;;;23;24.15;36
C2;06-01-2020;14H2;B 1;47;27;30;20;18;23;14;11;;;;;;;;;;;;23,8;22.83;37
C2;13-01-2020;14H2;B 1;45;27;29;29;18;22;14;10;;;;;;;;;;;;24,3;24.13;36
C2;20-01-2020;14H2;B 1;45;28;29;29;19;22;14;11;;;;;;;;;;;;24,6;22.51;36.5
C2;20-04-2020;14H2;B 1;57;31;29;36;27;26;18;16;;;;;;;;;;;;30;24.70;44
C2;27-04-2020;14H2;B 1;59;33;29;37;30;26;19;18;;;;;;;;;;;;31,4;24.22;46
C2;04-05-2020;14H2;B 1;59;34;30;37;31;26;19;19;;;;;;;;;;;;31,9;24.41;46.5
C2;23-12-2019;14H2;B 2;56;17;20;18;14;13;13;10;6;12;4;;;;;;;;;16,6;24.15;36.5
C2;06-01-2020;14H2;B 2;57;18;20;19;14;13;13;12;9;12;5;;;;;;;;;17,5;22.83;37.5
C2;13-01-2020;14H2;B 2;57;18;20;18;15;13;12;12;11;20;21;;;;;;;;;19,7;24.13;37.5
C2;20-01-2020;14H2;B 2;57;18;20;19;15;13;12;12;12;21;21;;;;;;;;;20;22.51;37.5
C2;20-04-2020;14H2;B 2;59;20;26;30;20;21;17;16;18;19;21;;;;;;;;;24,3;24.70;39.5
C2;27-04-2020;14H2;B 2;61;23;28;31;22;25;18;19;18;21;24;;;;;;;;;26,4;24.22;42
C2;04-05-2020;14H2;B 2;62;24;28;33;22;25;18;19;18;21;25;;;;;;;;;26,8;24.41;43
C2;23-12-2019;14H2;B 3;73;15;14;15;18;17;7;12;10;;;;;;;;;;;20,1;24.15;44
C2;06-01-2020;14H2;B 3;73;15;17;15;20;17;9;12;10;;;;;;;;;;;20,9;22.83;44
C2;13-01-2020;14H2;B 3;74;16;18;16;19;19;36;27;17;;;;;;;;;;;26,9;24.13;45
C2;20-01-2020;14H2;B 3;75;16;19;16;20;19;37;27;18;;;;;;;;;;;27,4;22.51;45.5
C2;20-04-2020;14H2;B 3;79;18;27;28;26;27;44;31;24;;;;;;;;;;;33,8;24.70;48.5
C2;27-04-2020;14H2;B 3;79;19;29;29;28;30;46;35;27;;;;;;;;;;;35,8;24.22;49
C2;04-05-2020;14H2;B 3;79;21;31;30;29;30;46;35;28;;;;;;;;;;;36,6;24.41;50
C2;23-12-2019;14H2;B 4;52;9;8;5;9;5;12;6;7;;;;;;;;;;;12,6;24.15;30.5
C2;06-01-2020;14H2;B 4;53;11;8;7;10;6;13;7;7;;;;;;;;;;;13,6;22.83;32
C2;13-01-2020;14H2;B 4;56;10;10;6;10;5;14;8;8;;;;;;;;;;;14,1;24.13;33
C2;20-01-2020;14H2;B 4;56;10;10;6;10;6;14;9;9;;;;;;;;;;;14,4;22.51;33
C2;20-04-2020;14H2;B 4;64;17;18;12;19;11;18;14;13;;;;;;;;;;;20,7;24.70;40.5
C2;27-04-2020;14H2;B 4;64;18;18;14;21;12;19;16;16;;;;;;;;;;;22;24.22;41
C2;04-05-2020;14H2;B 4;64;19;19;14;21;13;20;17;17;;;;;;;;;;;22,7;24.41;41.5
C2;23-12-2019;24H3 ;B 1;51;17;8;12;13;7;5;;;;;;;;;;;;;16,1;25.79;34
C2;06-01-2020;24H3 ;B 1;52;17;10;12;13;8;6;;;;;;;;;;;;;16,9;24.34;34.5
C2;13-01-2020;24H3 ;B 1;57;21;8;13;16;10;5;;;;;;;;;;;;;18,6;25.84;39
C2;20-01-2020;24H3 ;B 1;57;22;8;13;17;10;6;;;;;;;;;;;;;19;25.28;39.5
C2;20-04-2020;24H3 ;B 1;2;26;14;19;23;12;quebrado ;;;;;;;;;;;;;16;24.13;14
C2;27-04-2020;24H3 ;B 1;22;26;17;19;23;13;quebrado ;;;;;;;;;;;;;20;23.31;24
C2;04-05-2020;24H3 ;B 1;22;27;18;29;23;14;quebrado ;;;;;;;;;;;;;22,2;23.59;24.5
C2;23-12-2019;24H3 ;B 10;53;19;9;11;13;13;12;5;10;15;15;15;13;16;13;;;;;15,5;25.79;36
C2;06-01-2020;24H3 ;B 10;54;19;11;11;14;13;12;7;10;15;16;15;14;17;14;;;;;16,1;24.34;36.5
C2;13-01-2020;24H3 ;B 10;60;22;13;11;13;17;14;9;12;18;15;19;15;18;13;;;;;17,9;25.84;41
C2;20-01-2020;24H3 ;B 10;60;22;13;11;13;17;14;9;12;18;15;19;15;18;13;;;;;17,9;25.28;41
C2;20-04-2020;24H3 ;B 10;67;27;18;16;18;21;18;15;17;23;20;23;22;21;18;;;;;22,9;24.13;47
C2;27-04-2020;24H3 ;B 10;68;29;19;18;20;22;18;17;18;24;22;23;23;22;18;;;;;24,1;23.31;48.5
C2;04-05-2020;24H3 ;B 10;68;30;19;18;21;23;18;18;18;24;22;23;23;22;18;;;;;24,3;23.59;49
C2;23-12-2019;24H3 ;B 4;63;24;18;12;15;20;10;10;9;12;8;9;17;8;9;6;;;;15,6;25.79;43.5
C2;06-01-2020;24H3 ;B 4;64;24;19;12;15;21;10;11;10;12;10;9;17;9;9;8;;;;16,3;24.34;44
C2;13-01-2020;24H3 ;B 4;64;26;21;12;17;22;15;12;11;13;8;9;20;8;10;8;;;;17,3;25.84;45
C2;20-01-2020;24H3 ;B 4;65;26;21;12;18;22;15;13;11;13;10;9;20;9;10;10;;;;17,8;25.28;45.5
C2;20-04-2020;24H3 ;B 4;69;28;28;17;19;26;21;17;18;19;19;13;27;28;27;14;;;;24,4;24.13;48.5
C2;27-04-2020;24H3 ;B 4;69;29;28;18;20;26;22;18;18;19;21;14;28;28;29;15;;;;25,1;23.31;49
C2;04-05-2020;24H3 ;B 4;69;30;28;19;20;26;23;20;19;20;22;14;28;29;29;15;;;;25,7;23.59;49.5
C2;23-12-2019;24H3 ;B 5 ;56;4;13;8;7;5;6;10;;;;;;;;;;;;13,6;25.79;30
C2;06-01-2020;24H3 ;B 5 ;58;4;14;9;8;5;7;10;;;;;;;;;;;;14,4;24.34;31
C2;13-01-2020;24H3 ;B 5 ;58;22;20;8;14;5;9;10;;;;;;;;;;;;18,3;25.84;40
C2;20-01-2020;24H3 ;B 5 ;58;22;20;8;14;5;9;10;;;;;;;;;;;;18,3;25.28;40
C2;20-04-2020;24H3 ;B 5 ;65;26;25;16;16;8;13;13;;;;;;;;;;;;22,8;24.13;45.5
C2;27-04-2020;24H3 ;B 5 ;65;28;26;18;17;10;16;17;;;;;;;;;;;;24,6;23.31;46.5
C2;04-05-2020;24H3 ;B 5 ;66;30;27;19;18;12;18;19;;;;;;;;;;;;26,1;23.59;48
C2;23-12-2019;24H3 ;B 6;49;19;17;15;13;18;15;;;;;;;;;;;;;20,9;25.79;34
C2;06-01-2020;24H3 ;B 6;49;19;18;15;13;19;15;;;;;;;;;;;;;21,1;24.34;34
C2;13-01-2020;24H3 ;B 6;51;20;18;16;14;18;15;;;;;;;;;;;;;21,7;25.84;35.5
C2;20-01-2020;24H3 ;B 6;51;20;18;16;14;18;15;;;;;;;;;;;;;21,7;25.28;35.5
C2;20-04-2020;24H3 ;B 6;59;25;19;19;17;23;20;;;;;;;;;;;;;26;24.13;42
C2;27-04-2020;24H3 ;B 6;61;26;19;19;18;25;22;;;;;;;;;;;;;27,1;23.31;43.5
C2;04-05-2020;24H3 ;B 6;61;27;20;20;19;26;23;;;;;;;;;;;;;28;23.59;44
C2;23-12-2019;24H3 ;B 7;45;22;24;20;20;26;10;5;;;;;;;;;;;;21,5;25.79;33.5
C2;06-01-2020;24H3 ;B 7;47;22;24;21;20;26;11;7;;;;;;;;;;;;22,3;24.34;34.5
C2;13-01-2020;24H3 ;B 7;48;23;26;20;20;18;12;7;;;;;;;;;;;;21,8;25.84;35.5
C2;20-01-2020;24H3 ;B 7;48;23;26;20;20;18;12;7;;;;;;;;;;;;21,8;25.28;35.5
C2;20-04-2020;24H3 ;B 7;57;26;31;28;27;26;18;14;;;;;;;;;;;;28,4;24.13;41.5
C2;27-04-2020;24H3 ;B 7;57;27;31;29;29;26;19;17;;;;;;;;;;;;29,4;23.31;42
C2;04-05-2020;24H3 ;B 7;58;30;33;29;29;27;20;17;;;;;;;;;;;;30,4;23.59;44
C2;23-12-2019;26H4;B 1;40;27;12;10;7;;;;;;;;;;;;;;;19,2;25.05;33.5
C2;06-01-2020;26H4;B 1;42;28;13;11;8;;;;;;;;;;;;;;;20,4;23.71;35
C2;13-01-2020;26H4;B 1;43;28;14;10;8;;;;;;;;;;;;;;;20,6;24.93;35.5
C2;20-01-2020;26H4;B 1;44;28;14;10;8;;;;;;;;;;;;;;;20,8;24.50;36
C2;20-04-2020;26H4;B 1;50;29;19;18;15;;;;;;;;;;;;;;;26,2;24.80;39.5
C2;27-04-2020;26H4;B 1;50;30;19;20;16;;;;;;;;;;;;;;;27;24.03;40
C2;04-05-2020;26H4;B 1;51;31;20;21;16;;;;;;;;;;;;;;;27,8;24.15;41
C2;23-12-2019;26H4;B 2;51;15;5;18;9;6;10;;;;;;;;;;;;;16,3;25.05;33
C2;06-01-2020;26H4;B 2;52;15;7;19;10;7;11;;;;;;;;;;;;;17,3;23.71;33.5
C2;13-01-2020;26H4;B 2;51;15;5;18;9;6;10;;;;;;;;;;;;;16,3;24.93;33
C2;20-01-2020;26H4;B 2;51;16;6;18;10;7;12;;;;;;;;;;;;;17,1;24.50;33.5
C2;20-04-2020;26H4;B 2;58;19;23;24;26;27;27;;;;;;;;;;;;;29,1;24.80;38.5
C2;27-04-2020;26H4;B 2;58;20;24;26;27;28;29;;;;;;;;;;;;;30,3;24.03;39
C2;04-05-2020;26H4;B 2;58;22;25;28;28;28;30;;;;;;;;;;;;;31,3;24.15;40
C2;23-12-2019;26H4;B 3;55;28;9;11;15;9;9;12;11;;;;;;;;;;;17,7;25.05;41.5
C2;06-01-2020;26H4;B 3;55;29;10;12;15;10;11;13;12;;;;;;;;;;;18,6;23.71;42
C2;13-01-2020;26H4;B 3;66;14;29;25;23;23;9;12;11;;;;;;;;;;;23,6;24.93;40
C2;20-01-2020;26H4;B 3;66;15;29;25;23;23;10;12;11;;;;;;;;;;;23,8;24.50;40.5
C2;20-04-2020;26H4;B 3;70;17;32;34;38;26;18;19;20;;;;;;;;;;;30,4;24.80;43.5
C2;27-04-2020;26H4;B 3;72;19;33;37;39;28;19;21;23;;;;;;;;;;;32,3;24.03;45.5
C2;04-05-2020;26H4;B 3;73;20;33;37;39;28;20;22;25;;;;;;;;;;;33;24.15;46.5
C2;23-12-2019;26H4;B 4;;14;27;23;23;22;22;;;;;;;;;;;;;21,8;25.05;14
C2;06-01-2020;26H4;B 4;52;14;28;23;24;22;24;;;;;;;;;;;;;26,7;23.71;33
C2;13-01-2020;26H4;B 4;60;21;27;23;23;22;22;;;;;;;;;;;;;28,3;24.93;40.5
C2;20-01-2020;26H4;B 4;60;22;27;23;23;24;22;;;;;;;;;;;;;28,7;24.50;41
C2;20-04-2020;26H4;B 4;73;28;36;33;29;29;31;;;;;;;;;;;;;37;24.80;50.5
C2;27-04-2020;26H4;B 4;73;29;36;33;29;29;32;;;;;;;;;;;;;37,3;24.03;51
C2;04-05-2020;26H4;B 4;73;29;36;33;29;29;33;;;;;;;;;;;;;37,4;24.15;51
C2;23-12-2019;28H4 ;B 1;59;11;9;13;10;9;5;12;15;14;;;;;;;;;;15,7;25.99;35
C2;06-01-2020;28H4 ;B 1;59;11;9;13;10;9;5;12;15;14;;;;;;;;;;15,7;24.45;35
C2;13-01-2020;28H4 ;B 1;61;13;10;14;10;11;10;18;27;14;;;;;;;;;;18,8;25.71;37
C2;20-01-2020;28H4 ;B 1;61;14;10;14;11;12;10;19;27;16;;;;;;;;;;19,4;25.40;37.5
C2;20-04-2020;28H4 ;B 1;80;19;21;20;18;17;18;28;36;21;;;;;;;;;;27,8;24.33;49.5
C2;27-04-2020;28H4 ;B 1;82;21;22;20;19;19;18;29;38;22;;;;;;;;;;29;23.58;51.5
C2;04-05-2020;28H4 ;B 1;83;22;23;20;20;19;19;29;38;24;;;;;;;;;;29,7;23.92;52.5
C2;23-12-2019;28H4 ;B 2;60;15;12;11;13;10;5;8;18;9;12;;;;;;;;;15,7;25.99;37.5
C2;06-01-2020;28H4 ;B 2;60;15;12;11;13;10;5;8;18;9;12;;;;;;;;;15,7;24.45;37.5
C2;13-01-2020;28H4 ;B 2;60;16;13;11;13;11;15;11;18;9;12;;;;;;;;;17,2;25.71;38
C2;20-01-2020;28H4 ;B 2;62;16;13;11;13;11;16;11;18;10;13;;;;;;;;;17,6;25.40;39
C2;20-04-2020;28H4 ;B 2;66;23;17;17;19;16;24;20;27;18;20;;;;;;;;;24,3;24.33;44.5
C2;27-04-2020;28H4 ;B 2;68;25;18;19;23;18;26;23;28;19;24;;;;;;;;;26,5;23.58;46.5
C2;04-05-2020;28H4 ;B 2;68;25;18;19;23;18;26;23;28;19;24;;;;;;;;;26,5;23.92;46.5
C2;23-12-2019;28H4 ;B 3;45;33;28;16;18;17;18;10;;;;;;;;;;;;23,1;25.99;39
C2;06-01-2020;28H4 ;B 3;45;33;28;16;18;17;18;10;;;;;;;;;;;;23,1;24.45;39
C2;13-01-2020;28H4 ;B 3;48;35;3|1;27;18;18;19;10;;;;;;;;;;;;25;25.71;41.5
C2;20-01-2020;28H4 ;B 3;48;35;3|1;27;18;18;19;12;;;;;;;;;;;;25,3;25.40;41.5
C2;20-04-2020;28H4 ;B 3;56;41;36;30;21;22;23;20;;;;;;;;;;;;31,1;24.33;48.5
C2;27-04-2020;28H4 ;B 3;58;44;38;31;22;25;24;22;;;;;;;;;;;;33;23.58;51
C2;04-05-2020;28H4 ;B 3;58;46;39;33;25;27;26;23;;;;;;;;;;;;34,6;23.92;52
C2;23-12-2019;28H4 ;B 4;39;36;18;27;14;16;20;4;4;;;;;;;;;;;19,8;25.99;37.5
C2;06-01-2020;28H4 ;B 4;39;36;18;27;14;16;20;4;4;;;;;;;;;;;19,8;24.45;37.5
C2;13-01-2020;28H4 ;B 4;42;36;18;29;16;16;20;4;4;;;;;;;;;;;20,6;25.71;39
C2;20-01-2020;28H4 ;B 4;25;36;18;29;17;16;20;6;5;;;;;;;;;;;19,1;25.40;30.5
C2;20-04-2020;28H4 ;B 4;37;39;22;37;26;28;30;18;16;;;;;;;;;;;28,1;24.33;38
C2;27-04-2020;28H4 ;B 4;38;41;23;39;28;28;30;18;18;;;;;;;;;;;29,2;23.58;39.5
C2;04-05-2020;28H4 ;B 4;39;41;23;39;29;28;31;18;19;;;;;;;;;;;29,7;23.92;40
C2;23-12-2019;28H4 ;B 6;61;11;14;3;7;11;14;;;;;;;;;;;;;17,3;25.99;36
C2;06-01-2020;28H4 ;B 6;61;11;14;3;7;11;14;;;;;;;;;;;;;17,3;24.45;36
C2;13-01-2020;28H4 ;B 6;62;11;14;4;15;25;15;;;;;;;;;;;;;20,9;25.71;36.5
C2;20-01-2020;28H4 ;B 6;62;11;14;4;15;25;15;;;;;;;;;;;;;20,9;25.40;36.5
C2;20-04-2020;28H4 ;B 6;67;14;18;9;20;27;18;;;;;;;;;;;;;24,7;24.33;40.5
C2;27-04-2020;28H4 ;B 6;69;17;19;12;23;29;20;;;;;;;;;;;;;27;23.58;43
C2;04-05-2020;28H4 ;B 6;69;18;20;13;23;29;21;;;;;;;;;;;;;27,6;23.92;43.5
C2;23-12-2019;28H4 ;B 7;56;8;10;9;17;5;;;;;;;;;;;;;;17,5;25.99;32
C2;06-01-2020;28H4 ;B 7;56;8;10;9;17;5;;;;;;;;;;;;;;17,5;24.45;32
C2;13-01-2020;28H4 ;B 7;58;8;11;13;18;7;;;;;;;;;;;;;;19,2;25.71;33
C2;20-01-2020;28H4 ;B 7;61;10;11;13;19;9;;;;;;;;;;;;;;20,5;25.40;35.5
C2;20-04-2020;28H4 ;B 7;64;18;18;19;28;16;;;;;;;;;;;;;;27,2;24.33;41
C2;27-04-2020;28H4 ;B 7;65;19;20;23;29;17;;;;;;;;;;;;;;28,8;23.58;42
C2;04-05-2020;28H4 ;B 7;65;20;23;24;29;18;;;;;;;;;;;;;;29,8;23.92;42.5
C2;23-12-2019;28H4 ;B 8;40;10;11;10;20;11;;;;;;;;;;;;;;17;25.99;25
C2;06-01-2020;28H4 ;B 8;40;10;11;10;20;11;;;;;;;;;;;;;;17;24.45;25
C2;13-01-2020;28H4 ;B 8;41;11;11;10;20;11;;;;;;;;;;;;;;17,3;25.71;26
C2;13-01-2020;28H4 ;B 8;41;11;11;10;20;14;;;;;;;;;;;;;;17,8;25.71;26
C2;20-04-2020;28H4 ;B 8;55;12;14;13;23;18;;;;;;;;;;;;;;22,5;24.33;33.5
C2;27-04-2020;28H4 ;B 8;57;15;17;14;26;19;;;;;;;;;;;;;;24,7;23.58;36
C2;04-05-2020;28H4 ;B 8;57;17;19;16;28;22;;;;;;;;;;;;;;26,5;23.92;37
C2;23-12-2019;28H4 ;B 9;47;6;22;20;12;12;9;7;;;;;;;;;;;;16,9;25.99;26.5
C2;06-01-2020;28H4 ;B 9;47;6;22;20;12;12;9;7;;;;;;;;;;;;16,9;24.45;26.5
C2;13-01-2020;28H4 ;B 9;48;6;23;20;12;13;9;8;;;;;;;;;;;;17,4;25.71;27
C2;20-01-2020;28H4 ;B 9;48;6;23;20;12;13;9;10;;;;;;;;;;;;17,6;25.40;27
C2;20-04-2020;28H4 ;B 9;53;10;25;29;12;17;19;lpoda limpieza ;;;;;;;;;;;;23,6;24.33;31.5
C2;27-04-2020;28H4 ;B 9;55;12;27;30;14;18;19;lpoda limpieza ;;;;;;;;;;;;25;23.58;33.5
C2;04-05-2020;28H4 ;B 9;55;12;28;35;14;18;22;lpoda limpieza ;;;;;;;;;;;;26,3;23.92;33.5
C2;23-12-2019;30H4 ;B 1;51;15;19;12;13;6;;;;;;;;;;;;;;19,3;25.99;33
C2;06-01-2020;30H4 ;B 1;52;15;20;12;12;8;;;;;;;;;;;;;;19,8;24.45;33.5
C2;13-01-2020;30H4 ;B 1;53;16;21;13;15;7;;;;;;;;;;;;;;20,8;25.71;34.5
C2;20-01-2020;30H4 ;B 1;54;16;21;16;15;10;;;;;;;;;;;;;;22;25.40;35
C2;20-04-2020;30H4 ;B 1;59;23;27;21;poda limpieza ;15;;;;;;;;;;;;;;29;24.33;41
C2;27-04-2020;30H4 ;B 1;59;26;28;24;poda limpieza ;15;;;;;;;;;;;;;;30,4;23.58;42.5
C2;04-05-2020;30H4 ;B 1;59;26;28;24;poda limpieza ;15;;;;;;;;;;;;;;30,4;23.92;42.5
C2;23-12-2019;30H4 ;B 2;46;26;7;14;;;;;;;;;;;;;;;;23,3;25.99;36
C2;06-01-2020;30H4 ;B 2;48;26;8;14;;;;;;;;;;;;;;;;24;24.45;37
C2;13-01-2020;30H4 ;B 2;47;27;7;22;;;;;;;;;;;;;;;;25,8;25.71;37
C2;20-01-2020;30H4 ;B 2;47;27;7;22;;;;;;;;;;;;;;;;25,8;25.40;37
C2;20-04-2020;30H4 ;B 2;53;32;18;32;;;;;;;;;;;;;;;;33,8;24.33;42.5
C2;27-04-2020;30H4 ;B 2;54;33;18;32;;;;;;;;;;;;;;;;34,3;23.58;43.5
C2;04-05-2020;30H4 ;B 2;54;33;18;32;;;;;;;;;;;;;;;;34,3;23.92;43.5
C2;23-12-2019;30H4 ;B 3;69;27;28;19;21;14;19;7;17;31;23;18;14;10;16;;;;;22,2;25.99;48
C2;06-01-2020;30H4 ;B 3;69;27;28;20;21;14;19;9;17;31;23;18;14;12;17;;;;;22,6;24.45;48
C2;13-01-2020;30H4 ;B 3;71;29;30;20;21;15;22;40;19;57;26;19;14;13;16;;;;;27,5;25.71;50
C2;20-01-2020;30H4 ;B 3;71;29;30;20;21;15;24;40;21;57;26;19;14;14;17;;;;;27,9;25.40;50
C2;20-04-2020;30H4 ;B 3;75;33;41;26;28;21;29;48;27;63;35;28;19;21;23;;;;;34,5;24.33;54
C2;27-04-2020;30H4 ;B 3;75;34;44;27;28;22;31;50;28;64;37;29;20;22;24;;;;;35,7;23.58;54.5
C2;04-05-2020;30H4 ;B 3;76;35;45;27;29;22;33;52;30;65;37;29;20;22;24;;;;;36,4;23.92;55.5
C2;23-12-2019;30H4 ;B 4;55;8;7;4;5;55;;;;;;;;;;;;;;22,3;25.99;31.5
C2;06-01-2020;30H4 ;B 4;57;8;7;6;6;55;;;;;;;;;;;;;;23,2;24.45;32.5
C2;13-01-2020;30H4 ;B 4;56;8;19;4;5;55;;;;;;;;;;;;;;24,5;25.71;32
C2;20-01-2020;30H4 ;B 4;57;9;19;5;7;57;;;;;;;;;;;;;;25,7;25.40;33
C2;20-04-2020;30H4 ;B 4;59;20;24;14;17;62;;;;;;;;;;;;;;32,7;24.33;39.5
C2;27-04-2020;30H4 ;B 4;61;23;26;16;19;63;;;;;;;;;;;;;;34,7;23.58;42
C2;04-05-2020;30H4 ;B 4;61;23;26;17;21;63;;;;;;;;;;;;;;35,2;23.92;42
C2;23-12-2019;30H4 ;B 5 ;55;13;14;24;14;15;;;;;;;;;;;;;;22,5;25.99;34
C2;06-01-2020;30H4 ;B 5 ;55;13;16;24;16;15;;;;;;;;;;;;;;23,2;24.45;34
C2;13-01-2020;30H4 ;B 5 ;66;13;16;28;27;35;;;;;;;;;;;;;;30,8;25.71;39.5
C2;20-01-2020;30H4 ;B 5 ;66;13;16;28;27;35;;;;;;;;;;;;;;30,8;25.40;39.5
C2;20-04-2020;30H4 ;B 5 ;66;23;24;32;35;poda limpieza;;;;;;;;;;;;;;36;24.33;44.5
C2;27-04-2020;30H4 ;B 5 ;68;25;27;33;38;poda limpieza;;;;;;;;;;;;;;38,2;23.58;46.5
C2;04-05-2020;30H4 ;B 5 ;68;26;29;33;38;poda limpieza;;;;;;;;;;;;;;38,8;23.92;47
C2;23-12-2019;30H4 ;B 6;22;18;;;;;;;;;;;;;;;;;;20;25.99;20
C2;06-01-2020;30H4 ;B 6;23;19;;;;;;;;;;;;;;;;;;21;24.45;21
C2;13-01-2020;30H4 ;B 6;46;22;;;;;;;;;;;;;;;;;;34;25.71;34
C2;20-01-2020;30H4 ;B 6;46;22;;;;;;;;;;;;;;;;;;34;25.40;34
C2;20-04-2020;30H4 ;B 6;46;33;;;;;;;;;;;;;;;;;;39,5;24.33;39.5
C2;27-04-2020;30H4 ;B 6;48;37;;;;;;;;;;;;;;;;;;42,5;23.58;42.5
C2;04-05-2020;30H4 ;B 6;49;39;;;;;;;;;;;;;;;;;;44;23.92;44
C2;23-12-2019;4H2;B 1;52;10;10;22;21;22;5;;;;;;;;;;;;;20,3;25.13;31
C2;06-01-2020;4H2;B 1;53;10;10;22;22;23;6;;;;;;;;;;;;;20,9;23.30;31.5
C2;13-01-2020;4H2;B 1;55;12;11;25;25;22;26;;;;;;;;;;;;;25,1;24.78;33.5
C2;20-01-2020;4H2;B 1;56;13;12;25;26;23;27;;;;;;;;;;;;;26;22.96;34.5
C2;20-04-2020;4H2;B 1;58;17;15;27;26;28;33;;;;;;;;;;;;;29,1;24.64;37.5
C2;27-04-2020;4H2;B 1;60;18;15;28;28;30;34;;;;;;;;;;;;;30,4;24.05;39
C2;04-05-2020;4H2;B 1;60;19;15;29;28;30;34;;;;;;;;;;;;;30,7;24.28;39.5
C2;23-12-2019;4H2;B 7;43;11;5;9;10;;;;;;;;;;;;;;;15,6;25.13;27
C2;06-01-2020;4H2;B 7;43;12;5;10;12;;;;;;;;;;;;;;;16,4;23.30;27.5
C2;13-01-2020;4H2;B 7;57;12;10;15;17;;;;;;;;;;;;;;;22,2;24.78;34.5
C2;20-01-2020;4H2;B 7;57;12;10;15;17;;;;;;;;;;;;;;;22,2;22.96;34.5
C2;20-04-2020;4H2;B 7;67;17;18;19;19;;;;;;;;;;;;;;;28;24.64;42
C2;27-04-2020;4H2;B 7;68;18;19;21;22;;;;;;;;;;;;;;;29,6;24.05;43
C2;04-05-2020;4H2;B 7;69;19;23;22;22;;;;;;;;;;;;;;;31;24.28;44
C2;23-12-2019;6H2;B 1;52;14;8;11;12;;;;;;;;;;;;;;;19,4;24.92;33
C2;06-01-2020;6H2;B 1;53;14;8;14;14;;;;;;;;;;;;;;;20,6;23.50;33.5
C2;13-01-2020;6H2;B 1;51;14;10;12;13;;;;;;;;;;;;;;;20;24.30;32.5
C2;20-01-2020;6H2;B 1;51;14;10;12;13;;;;;;;;;;;;;;;20;22.62;32.5
C2;20-04-2020;6H2;B 1;56;18;17;18;18;;;;;;;;;;;;;;;25,4;24.87;37
C2;27-04-2020;6H2;B 1;57;19;19;20;19;;;;;;;;;;;;;;;26,8;24.02;38
C2;04-05-2020;6H2;B 1;58;20;19;20;21;;;;;;;;;;;;;;;27,6;24.20;39
C2;23-12-2019;6H2;B 2;49;10;24;11;19;5;12;7;4;7;7;;;;;;;;;14,1;24.92;29.5
C2;06-01-2020;6H2;B 2;50;13;24;11;19;7;12;9;4;8;7;;;;;;;;;14,9;23.50;31.5
C2;13-01-2020;6H2;B 2;49;12;27;12;21;8;14;8;5;7;7;;;;;;;;;15,5;24.30;30.5
C2;20-01-2020;6H2;B 2;50;13;27;12;22;10;15;10;6;8;8;;;;;;;;;16,5;22.62;31.5
C2;20-04-2020;6H2;B 2;61;19;33;17;26;15;19;16;10;14;17;;;;;;;;;22,5;24.87;40
C2;27-04-2020;6H2;B 2;62;19;34;17;26;17;20;16;11;16;18;;;;;;;;;23,3;24.02;40.5
C2;04-05-2020;6H2;B 2;63;20;36;18;27;18;21;16;13;18;19;;;;;;;;;24,5;24.20;41.5
C2;23-12-2019;6H2;B 3;49;16;20;16;12;20;9;15;;;;;;;;;;;;19,6;24.92;32.5
C2;06-01-2020;6H2;B 3;49;18;20;16;12;22;9;17;;;;;;;;;;;;20,4;23.50;33.5
C2;13-01-2020;6H2;B 3;54;19;21;18;12;21;11;15;;;;;;;;;;;;21,4;24.30;36.5
C2;20-01-2020;6H2;B 3;55;20;22;18;13;21;12;16;;;;;;;;;;;;22,1;22.62;37.5
C2;20-04-2020;6H2;B 3;57;28;29;23;18;28;28;29;;;;;;;;;;;;30;24.87;42.5
C2;27-04-2020;6H2;B 3;58;28;31;23;19;29;30;30;;;;;;;;;;;;31;24.02;43
C2;04-05-2020;6H2;B 3;60;29;31;23;20;30;30;31;;;;;;;;;;;;31,8;24.20;44.5
C2;23-12-2019;6H2;B 4;80;27;14;13;8;9;34;15;21;6;20;15;10;;;;;;;20,9;24.92;53.5
C2;06-01-2020;6H2;B 4;83;28;15;13;10;11;34;17;21;6;20;17;10;;;;;;;21,9;23.50;55.5
C2;13-01-2020;6H2;B 4;81;30;17;13;9;17;41;15;29;10;22;26;17;;;;;;;25,2;24.30;55.5
C2;20-01-2020;6H2;B 4;81;31;18;13;9;18;41;15;29;10;23;26;18;;;;;;;25,5;22.62;56
C2;20-04-2020;6H2;B 4;89;35;20;17;17;21;45;18;33;17;26;29;24;;;;;;;30,1;24.87;62
C2;27-04-2020;6H2;B 4;89;36;21;18;17;22;46;18;34;17;26;29;26;;;;;;;30,7;24.02;62.5
C2;04-05-2020;6H2;B 4;89;37;21;19;18;22;46;19;34;17;27;29;28;;;;;;;31,2;24.20;63
C2;23-12-2019;6H2;B 5 ;53;10;10;14;13;10;5;12;;;;;;;;;;;;15,9;24.92;31.5
C2;06-01-2020;6H2;B 5 ;54;11;10;14;13;10;7;12;;;;;;;;;;;;16,4;23.50;32.5
C2;13-01-2020;6H2;B 5 ;62;11;12;17;13;10;6;17;;;;;;;;;;;;18,5;24.30;36.5
C2;20-01-2020;6H2;B 5 ;63;11;13;17;14;10;7;18;;;;;;;;;;;;19,1;22.62;37
C2;20-04-2020;6H2;B 5 ;67;17;16;19;17;12;10;24;;;;;;;;;;;;22,8;24.87;42
C2;27-04-2020;6H2;B 5 ;69;18;17;20;23;12;11;26;;;;;;;;;;;;24,5;24.02;43.5
C2;04-05-2020;6H2;B 5 ;69;19;18;21;24;13;12;27;;;;;;;;;;;;25,4;24.20;44
C2;23-12-2019;6H2;B 6;54;9;11;11;6;6;;;;;;;;;;;;;;16,2;24.92;31.5
C2;06-01-2020;6H2;B 6;54;9;12;11;7;7;;;;;;;;;;;;;;16,7;23.50;31.5
C2;13-01-2020;6H2;B 6;60;9;11;18;11;7;;;;;;;;;;;;;;19,3;24.30;34.5
C2;20-01-2020;6H2;B 6;60;10;13;18;12;8;;;;;;;;;;;;;;20,2;22.62;35
C2;20-04-2020;6H2;B 6;68;17;19;23;25;18;;;;;;;;;;;;;;28,3;24.87;42.5
C2;27-04-2020;6H2;B 6;69;18;19;24;26;19;;;;;;;;;;;;;;29,2;24.02;43.5
C2;04-05-2020;6H2;B 6;69;18;19;24;26;20;;;;;;;;;;;;;;29,3;24.20;43.5
C2;23-12-2019;6H2;B 7;52;12;11;8;;;;;;;;;;;;;;;;20,8;24.92;32
C2;06-01-2020;6H2;B 7;53;12;15;10;;;;;;;;;;;;;;;;22,5;23.50;32.5
C2;13-01-2020;6H2;B 7;52;16;12;10;;;;;;;;;;;;;;;;22,5;24.30;34
C2;20-01-2020;6H2;B 7;52;17;12;11;;;;;;;;;;;;;;;;23;22.62;34.5
C2;20-04-2020;6H2;B 7;62;24;19;18;;;;;;;;;;;;;;;;30,8;24.87;43
C2;27-04-2020;6H2;B 7;63;25;21;19;;;;;;;;;;;;;;;;32;24.02;44
C2;04-05-2020;6H2;B 7;64;25;21;19;;;;;;;;;;;;;;;;32,3;24.20;44.5
C2;23-12-2019;8H2;B 1;64;16;8;5;32;34;24;21;21;20;17;11;16;14;12;;;;;21;24.98;40
C2;06-01-2020;8H2;B 1;65;17;9;4;32;34;26;21;23;20;18;14;16;12;12;;;;;21,5;22.22;41
C2;13-01-2020;8H2;B 1;65;23;15;5;35;37;25;22;21;22;26;17;15;17;14;18;;;;23,6;24.84;44
C2;20-01-2020;8H2;B 1;66;23;16;6;35;37;26;22;22;22;27;18;16;17;14;18;;;;24,1;24.49;44.5
C2;20-04-2020;8H2;B 1;70;27;18;12;40;41;28;27;27;26;29;22;24;21;18;19;;;;28,1;23.82;48.5
C2;27-04-2020;8H2;B 1;71;28;18;13;40;44;29;28;29;27;29;24;27;22;19;21;;;;29,3;22.80;49.5
C2;04-05-2020;8H2;B 1;73;29;18;14;41;44;30;28;29;28;30;26;28;24;20;22;;;;30,3;23.16;51
C2;23-12-2019;8H2;B 2;61;16;18;11;11;16;23;8;;;;;;;;;;;;20,5;24.98;38.5
C2;06-01-2020;8H2;B 2;61;17;18;11;12;16;26;9;;;;;;;;;;;;21,3;22.22;39
C2;13-01-2020;8H2;B 2;63;16;19;12;14;31;40;11;;;;;;;;;;;;25,8;24.84;39.5
C2;20-01-2020;8H2;B 2;63;17;19;12;14;31;40;12;;;;;;;;;;;;26;24.49;40
C2;20-04-2020;8H2;B 2;70;19;24;17;19;38;45;18;;;;;;;;;;;;31,3;23.82;44.5
C2;27-04-2020;8H2;B 2;70;20;25;18;19;38;47;19;;;;;;;;;;;;32;22.80;45
C2;04-05-2020;8H2;B 2;70;23;26;19;20;38;47;19;;;;;;;;;;;;32,8;23.16;46.5
C2;23-12-2019;8H2;B 4;67;11;16;6;14;10;12;6;11;12;10;9;10;4;11;6;12;14;23;13,9;24.98;39
C2;06-01-2020;8H2;B 4;67;15;17;7;14;11;12;7;12;12;10;10;11;5;11;7;12;15;23;14,6;22.22;41
C2;13-01-2020;8H2;B 4;67;12;16;6;16;11;12;7;12;11;26;10;10;4;11;5;30;22;25;16,5;24.84;39.5
C2;20-01-2020;8H2;B 4;67;12;16;6;16;11;12;7;12;11;26;10;10;4;11;5;30;22;25;16,5;24.49;39.5
C2;20-04-2020;8H2;B 4;71;16;19;13;19;19;19;21;20;18;32;20;17;8;16;9;37;22;25;22,2;23.82;43.5
C2;27-04-2020;8H2;B 4;71;19;21;15;21;19;21;23;22;19;33;24;19;10;19;12;37;22;25;23,8;22.80;45
C2;04-05-2020;8H2;B 4;73;23;22;26;22;23;25;26;24;20;24;25;20;12;23;14;37;22;27;25,7;23.16;48
C2;23-12-2019;8H2;B 5 ;81;15;15;17;21;18;15;14;13;12;13;11;13;10;21;16;19;7;;18,4;24.98;48
C2;06-01-2020;8H2;B 5 ;81;15;15;18;23;18;17;14;16;13;13;15;13;10;22;16;19;8;;19,2;22.22;48
C2;13-01-2020;8H2;B 5 ;79;17;16;19;21;19;16;14;20;12;14;12;15;11;25;44;34;17;;22,5;24.84;48
C2;20-01-2020;8H2;B 5 ;78;17;16;20;21;20;17;14;20;12;14;13;15;11;26;45;36;18;;22,9;24.49;47.5
C2;20-04-2020;8H2;B 5 ;79;20;20;30;30;28;22;24;29;17;23;24;26;18;37;54;41;19;;30,1;23.82;49.5
C2;27-04-2020;8H2;B 5 ;79;21;22;31;30;28;24;24;30;17;23;24;26;18;37;54;41;19;;30,4;22.80;50
C2;04-05-2020;8H2;B 5 ;79;22;24;33;30;29;24;24;30;18;24;25;27;19;37;54;41;19;;31,1;23.16;50.5
C2;23-12-2019;1H11;B 1;48;8;8;10;11;10;3;;;;;;;;;;;;;14;25.82;28
C2;06-01-2020;1H11;B 1;49;9;9;10;12;10;5;;;;;;;;;;;;;14,9;24.48;29
C2;13-01-2020;1H11;B 1;52;9;8;11;11;11;5;;;;;;;;;;;;;15,3;25.33;30.5
C2;23-12-2019;1H11;B 4;25;9;18;17;13;9;7;;;;;;;;;;;;;14;25.82;17
C2;06-01-2020;1H11;B 4;26;10;18;18;13;9;8;;;;;;;;;;;;;14,6;24.48;18
C2;13-01-2020;1H11;B 4;54;11;18;18;13;9;7;;;;;;;;;;;;;18,6;25.33;32.5
C2;23-12-2019;1H11;B 6;46;14;16;8;6;12;7;13;7;;;;;;;;;;;14,3;25.82;30
C2;06-01-2020;1H11;B 6;47;15;16;9;7;15;9;13;7;;;;;;;;;;;15,3;24.48;31
C2;13-01-2020;1H11;B 6;52;17;18;9;8;13;7;14;9;;;;;;;;;;;16,3;25.33;34.5